name,model_size,buffer_type,acc_new,f1_new,precision_new,recall_new,acc_all,f1_all,precision_all,recall_all,acc_base,f1_base,precision_base,recall_base,training_time,buffer_length,buffer_memory
multimodal_bert+bigru_resnet50+MLP_None+MLP_embedding+MLP,1318.949896812439,limit,0.8128571428571428,0.37078943517705587,0.375,0.4119940476190476,0.8681748466257668,0.5007663108774509,0.630176336340319,0.4823805655332666,0.838957055214724,0.5852209010516121,0.8460391732450556,0.48863636363636365,46.872505247592926,512.0,100.37109375
multimodal_bert+bigru_resnet50+MLP_None+MLP_embedding+MLP,1318.949896812439,no_buffer,0.7214285714285714,0.2460474308300395,0.19964285714285715,0.43898809523809523,0.7722903885480573,0.4056375401853582,0.5842653976961332,0.5765826384962738,0.7760736196319018,0.5305302186005012,0.7765860651445329,0.625,37.84905552864075,0.0,0.0
multimodal_bert+bigru_resnet50+MLP_None+MLP_embedding+MLP,1318.949896812439,remind,0.7242857142857143,0.31432953838614214,0.3005832009244547,0.4954017857142857,0.8036042944785277,0.5315474948298534,0.5725783963938818,0.6649192078253285,0.8512269938650306,0.7082893324125206,0.820999326545299,0.7329545454545454,57.50040006637573,512.0,50.293128967285156
multimodal_bert+bigru_resnet50+MLP_None+MLP_embedding+MLP,1318.949896812439,unlimit,0.822857142857143,0.42683480656357586,0.4898989898989899,0.4916815476190476,0.8835122699386504,0.5859072892438577,0.6784780949025135,0.589666947162268,0.8466257668711656,0.6470488466757124,0.8103807122022364,0.5795454545454546,45.76564621925354,2449.25,480.1443386077881
