name,model_size,buffer_type,acc_new,f1_new,precision_new,recall_new,acc_all,f1_all,precision_all,recall_all,acc_base,f1_base,precision_base,recall_base,training_time,buffer_length,buffer_memory
multimodal_bert+bigru_None+MLP,1037.6699647903442,limit,0.8585714285714285,0.38793059777102334,0.6012707722385142,0.3404017857142857,0.9578192640692642,0.5941021802667161,0.9067092583347607,0.4838978361524402,0.9253246753246753,0.7010220673635308,1.120914343324673,0.5365853658536586,30.176310181617737,512.0,96.06640625
multimodal_bert+bigru_None+MLP,1037.6699647903442,no_buffer,0.812857142857143,0.19404560810810811,0.16001157407407407,0.2859375,0.8992965367965368,0.3777271662545283,0.5124294476027467,0.428878100250581,0.8879870129870131,0.5272290953018028,0.7693047009871187,0.49390243902439024,23.19016343355179,0.0,0.0
multimodal_bert+bigru_None+MLP,1037.6699647903442,remind,0.8414285714285714,0.29308681936967296,0.4728937728937729,0.25898809523809524,0.9366883116883117,0.5554548215765673,0.8071950717050907,0.4634679404953217,0.9366883116883117,0.7872020509977826,1.0527936559035067,0.6646341463414634,39.43657946586609,512.0,48.08208465576172
multimodal_bert+bigru_None+MLP,1037.6699647903442,unlimit,0.8785714285714286,0.48737684729064035,0.6124665775401069,0.4286160714285714,0.9875270562770563,0.7367728523738828,0.9505384191303362,0.6172594122158181,0.9724025974025974,0.858754898214178,1.1529570531094921,0.6890243902439025,31.386627435684204,2449.25,459.5520420074463
