name,model_size,buffer_type,acc_new,f1_new,precision_new,recall_new,acc_all,f1_all,precision_all,recall_all,acc_base,f1_base,precision_base,recall_base,training_time,buffer_length,buffer_memory
multimodal_bert+bilstm_None+MLP,1041.6777772903442,limit,0.8785714285714286,0.48097484276729563,0.5850649350649351,0.420610119047619,0.9343944099378881,0.6472275981582675,0.7883750497490654,0.5736253420439544,0.9177018633540373,0.7753793072942009,0.9805722732552002,0.6666666666666667,32.45533174276352,512.0,96.06640625
multimodal_bert+bilstm_None+MLP,1041.6777772903442,no_buffer,0.8414285714285714,0.24545454545454543,0.206390977443609,0.309375,0.8559782608695652,0.31017637270218656,0.24496591089265896,0.4322739001137059,0.8322981366459627,0.4181571815718157,0.36705212595623554,0.48809523809523814,22.7305468916893,0.0,0.0
multimodal_bert+bilstm_None+MLP,1041.6777772903442,remind,0.8271428571428572,0.32887641162289044,0.4806585677749361,0.32617559523809525,0.8887163561076603,0.46740028772316783,0.6786908041453495,0.4741602982882425,0.8664596273291925,0.5873570261437908,0.928549484309853,0.5535714285714286,41.18579572439194,512.0,48.08208465576172
multimodal_bert+bilstm_None+MLP,1041.6777772903442,unlimit,0.87,0.5104124871030609,0.5515318414025311,0.49645833333333333,0.9399844720496894,0.6984225944943132,0.7872162752952254,0.6695783739874742,0.9378881987577639,0.819846410607627,0.9884242068920592,0.7440476190476191,32.160871267318726,2449.25,459.5520420074463
