name,model_size,buffer_type,acc_new,f1_new,precision_new,recall_new,acc_all,f1_all,precision_all,recall_all,acc_base,f1_base,precision_base,recall_base,training_time,buffer_length,buffer_memory
multimodal_bert+bilstm_resnet50+MLP,1225.1484470367432,limit,0.7557142857142857,0.3174012301157992,0.26211744639376217,0.4123958333333333,0.9058956916099774,0.6153440935013498,0.48395990176954534,0.7744775512358528,0.9047619047619049,0.8159957793037499,0.7440219053444453,0.8793103448275862,60.93903583288193,512.0,100.0546875
multimodal_bert+bilstm_resnet50+MLP,1225.1484470367432,no_buffer,0.86,0.09374999999999999,0.125,0.075,0.9700113378684807,0.1117657251776122,0.18255578093306288,0.08737185461323393,0.8690476190476191,0.13369135104578858,0.3103448275862069,0.09482758620689656,31.97112274169922,0.0,0.0
multimodal_bert+bilstm_resnet50+MLP,1225.1484470367432,remind,0.8542857142857143,0.1381074168797954,0.34615384615384615,0.140625,0.9618764172335601,0.1513084376722772,0.2422867513611615,0.15271695364597943,0.8639455782312925,0.198546026132233,0.35467980295566504,0.1724137931034483,70.27989143133163,512.0,50.08604431152344
multimodal_bert+bilstm_resnet50+MLP,1225.1484470367432,unlimit,0.7957142857142857,0.35603208662976726,0.3272295404648346,0.41889880952380953,0.9476473922902495,0.6622609709293904,0.5809329950409411,0.7644219499166163,0.9200680272108843,0.8035116984213863,0.7954303801609631,0.8189655172413793,48.46504372358322,2449.25,478.6307487487793
