name,model_size,buffer_type,acc_new,f1_new,precision_new,recall_new,acc_all,f1_all,precision_all,recall_all,acc_base,f1_base,precision_base,recall_base,training_time,buffer_length,buffer_memory
multimodal_bert+bilstm_resnet50+MLP_None+MLP_embedding+MLP,1322.957709312439,limit,0.8571428571428572,0.4495313111251542,0.498015873015873,0.42052083333333334,0.9398504273504273,0.64522279624902,0.7838739812325215,0.531485061373941,0.9086538461538461,0.7620739005488824,0.9447775628626692,0.6170212765957447,43.14639055728912,512.0,100.37109375
multimodal_bert+bilstm_resnet50+MLP_None+MLP_embedding+MLP,1322.957709312439,no_buffer,0.8028571428571428,0.22418478260869568,0.2881944444444444,0.3556547619047619,0.8520299145299144,0.32187279348172826,0.4163647962409755,0.4143784627515873,0.8381410256410255,0.4218883299422096,0.5773752263467633,0.4468085106382979,108.63721466064453,0.0,0.0
multimodal_bert+bilstm_resnet50+MLP_None+MLP_embedding+MLP,1322.957709312439,remind,0.8171428571428572,0.2726512078185507,0.3702741702741703,0.2769940476190476,0.9050747863247863,0.4565873431393921,0.7167594434336674,0.4058847779742205,0.8942307692307692,0.5937857263099342,1.1110456033328373,0.473404255319149,54.74633705615997,512.0,50.293128967285156
multimodal_bert+bilstm_resnet50+MLP_None+MLP_embedding+MLP,1322.957709312439,unlimit,0.862857142857143,0.36557539682539686,0.5758116883116883,0.3164285714285714,0.9582264957264957,0.5874097787178464,1.0615584374157216,0.4241642244035039,0.9455128205128205,0.7404397380158221,1.2563863136130193,0.5425531914893618,53.05526149272919,2449.25,480.1443386077881
