name,model_size,buffer_type,acc_new,f1_new,precision_new,recall_new,acc_all,f1_all,precision_all,recall_all,acc_base,f1_base,precision_base,recall_base,training_time,buffer_length,buffer_memory
standalone_train+bigru,696.4770946502686,limit,0.86,0.0,0.0,0.0,1.015297619047619,0.00625,0.18303571428571427,0.003487723214285714,0.8946428571428571,0.015931372549019607,0.36607142857142855,0.008928571428571428,12.490643978118896,512.0,37.52734375
standalone_train+bigru,696.4770946502686,no_buffer,0.7,0.05120481927710843,0.02910958904109589,0.2125,0.857797619047619,0.10999525916561316,0.24053682514996666,0.3081450591216216,0.7857142857142857,0.13125395319418093,0.4427721088435374,0.20535714285714285,7.8943564891815186,0.0,0.0
standalone_train+bigru,696.4770946502686,remind,0.7,0.05120481927710843,0.02910958904109589,0.2125,0.8566071428571428,0.10374525916561315,0.057501110864252386,0.3046573359073359,0.7839285714285714,0.11532258064516131,0.07670068027210884,0.19642857142857142,16.66554766893387,512.0,18.79302215576172
standalone_train+bigru,696.4770946502686,unlimit,0.8285714285714286,0.05128205128205128,0.125,0.0334375,0.9904166666666667,0.10560980174239587,0.32973450160950163,0.06902788159932437,0.8839285714285714,0.11462371259427459,0.4578798185941042,0.07142857142857142,11.95972192287445,2449.25,179.51923179626465
