name,model_size,buffer_type,acc_new,f1_new,precision_new,recall_new,acc_all,f1_all,precision_all,recall_all,acc_base,f1_base,precision_base,recall_base,training_time,buffer_length,buffer_memory
standalone_train+textcnn,687.6480493545532,limit,0.86,0.0,0.0,0.0,0.9870949074074074,0.0,0.0,0.0,0.8680555555555556,0.0,0.0,0.0,4.952193439006805,512.0,37.52734375
standalone_train+textcnn,687.6480493545532,no_buffer,0.86,0.0,0.0,0.0,0.9870949074074074,0.0,0.0,0.0,0.8680555555555556,0.0,0.0,0.0,2.3698641061782837,0.0,0.0
standalone_train+textcnn,687.6480493545532,remind,0.86,0.0,0.0,0.0,0.9870949074074074,0.0,0.0,0.0,0.8680555555555556,0.0,0.0,0.0,9.79734492301941,512.0,18.79302215576172
standalone_train+textcnn,687.6480493545532,unlimit,0.86,0.0,0.0,0.0,0.9870949074074074,0.0,0.0,0.0,0.8680555555555556,0.0,0.0,0.0,5.188406050205231,2449.25,179.51923179626465
