name,model_size,buffer_type,acc_new,f1_new,precision_new,recall_new,acc_all,f1_all,precision_all,recall_all,acc_base,f1_base,precision_base,recall_base,training_time,buffer_length,buffer_memory
standalone_train+bilstm,699.7466259002686,limit,0.8571428571428571,0.014705882352941176,0.125,0.0078125,1.089551282051282,0.03532813340505648,0.3173076923076923,0.02618266896938013,0.9576923076923076,0.026772247360482653,0.40384615384615385,0.019230769230769232,12.573265790939331,512.0,37.52734375
standalone_train+bilstm,699.7466259002686,no_buffer,0.7,0.05120481927710843,0.02910958904109589,0.2125,0.9237820512820513,0.17434114558008365,0.06343462136619213,0.6561850311850311,0.8442307692307692,0.1937965260545906,0.08461538461538462,0.4230769230769231,7.3579272627830505,0.0,0.0
standalone_train+bilstm,699.7466259002686,remind,0.86,0.0,0.0,0.0,1.0933974358974359,0.0,0.0,0.0,0.9615384615384616,0.0,0.0,0.0,17.729002833366394,512.0,18.79302215576172
standalone_train+bilstm,699.7466259002686,unlimit,0.8585714285714285,0.0,0.0,0.0,1.0917307692307692,0.00904228222109017,0.1346153846153846,0.006496881496881497,0.9634615384615384,0.026772247360482653,0.40384615384615385,0.019230769230769232,12.572383165359497,2449.25,179.51923179626465
